image,blur_kernel
baby.png,"[0.006942805368453264, 0.02185547724366188, 0.03148394078016281, 0.030229108408093452, 0.027253665030002594, 0.024536428973078728, 0.01906280219554901, 0.013387104496359825, 0.01097634993493557, 0.009121948853135109]"
bird.png,"[0.02120320498943329, 0.0576915442943573, 0.06434211879968643, 0.04570396989583969, 0.03192385658621788, 0.02408401295542717, 0.018079211935400963, 0.013024084270000458, 0.010881152004003525, 0.00912155769765377]"
butterfly.png,"[0.037636611610651016, 0.09079453349113464, 0.08133585751056671, 0.04474722594022751, 0.0271944310516119, 0.022041190415620804, 0.01846042275428772, 0.013397538103163242, 0.010973569005727768, 0.009084302932024002]"
head.png,"[0.3686986565589905, 0.2159724235534668, 0.003044363111257553, 0.046480171382427216, 0.02966473624110222, 0.02198858931660652, 0.019550317898392677, 0.012843135744333267, 0.010973337106406689, 0.009101824834942818]"
woman.png,"[0.0656595230102539, 0.13433684408664703, 0.08791716396808624, 0.03455911949276924, 0.022576339542865753, 0.023708058521151543, 0.01939518004655838, 0.013202490285038948, 0.010787365958094597, 0.009089069440960884]"
